Upload Image,Detected Text Regions,Extracted Text,Download Text File,timestamp
.gradio\flagged\Upload Image\70aa3e95754c7cb2845d\img2.png,.gradio\flagged\Detected Text Regions\5b171f475a6feba16826\image.webp,"Th Eaw
19
tubaatkenrKtoadf
L
dd
Adi
Mz
twi
Pityed
muk amoobluxi
@natcn Mbo
bd
dacrdbmt
Conkt-Tenored *xtoa; putkukety Ma M1] wea
tmdhddedmbueeur# dddev tio} i
mti bib@dtmk keD twy You Were
Q Jor Ow &
kaJu
wetc i you Kic 0a me
boled Mim
Gnri porpiu Ttaitit
tem ""
Inid @ually I #ued vit
dmka
niobt
dened tou tomint
0
su
Couo4
towint
ti0k it we Jily""
tl trm cntythi}
coul neneube; stich wu perty Wd &
sed
erd T
my
ald m cuty ti momint
foudod derm &wbrwe j w4 bed byppeed
Sk in
cu""
mubdrtoig @ me07
mldadd
ya#tin Will * br but be
niastk? Wil
Bc
@trid Medaomomamkr?
MTmcerd
ni kotta
Skerkock ""Morcrued
ta Tr ca beca @ my lile Fecig tox
0d
tow wth anly
4M Malm Bxped wa"" [ ercn in
0
4
b lhet Gcting bbm io 6 @ i tr
cxpkiod #4'[ come ckee 1 dit Wt pe""
~You Mrdmwdten Mc "" Stvich tid, ""jchd
t Lus
Ld ju
#kald Kw
Nom
Lo
Ftot
Lro
Itt
Ai
nct 
1
094
Dupu
batd
nlpeeduddr
Paed
monae # podted ""Tka
Dat4
but
da  madnddbdcaisjupurry Ifeh
hMoriepi tea totint #
44
Wowmh& [
ba,0 sucthint h'cny;
EIca pdadmddt
byppe Twtu@mbOv
10a Ntpe mctoec mnwd TwM@ @
6y
3c
d31",.gradio\flagged\Download Text File\e58e73b795231076d9ec\output.txt,2026-08-18 18:11:08.013383
.gradio\flagged\Upload Image\00ad57b9e9f2f8bc08ac\img2.png,.gradio\flagged\Detected Text Regions\dc26c3528538b49aa49d\image.webp,"Th Eaw
19
tubaatkenrKtoadf
L
dd
Adi
Mz
twi
Pityed
muk amoobluxi
@natcn Mbo
bd
dacrdbmt
Conkt-Tenored *xtoa; putkukety Ma M1] wea
tmdhddedmbueeur# dddev tio} i
mti bib@dtmk keD twy You Were
Q Jor Ow &
kaJu
wetc i you Kic 0a me
boled Mim
Gnri porpiu Ttaitit
tem ""
Inid @ually I #ued vit
dmka
niobt
dened tou tomint
0
su
Couo4
towint
ti0k it we Jily""
tl trm cntythi}
coul neneube; stich wu perty Wd &
sed
erd T
my
ald m cuty ti momint
foudod derm &wbrwe j w4 bed byppeed
Sk in
cu""
mubdrtoig @ me07
mldadd
ya#tin Will * br but be
niastk? Wil
Bc
@trid Medaomomamkr?
MTmcerd
ni kotta
Skerkock ""Morcrued
ta Tr ca beca @ my lile Fecig tox
0d
tow wth anly
4M Malm Bxped wa"" [ ercn in
0
4
b lhet Gcting bbm io 6 @ i tr
cxpkiod #4'[ come ckee 1 dit Wt pe""
~You Mrdmwdten Mc "" Stvich tid, ""jchd
t Lus
Ld ju
#kald Kw
Nom
Lo
Ftot
Lro
Itt
Ai
nct 
1
094
Dupu
batd
nlpeeduddr
Paed
monae # podted ""Tka
Dat4
but
da  madnddbdcaisjupurry Ifeh
hMoriepi tea totint #
44
Wowmh& [
ba,0 sucthint h'cny;
EIca pdadmddt
byppe Twtu@mbOv
10a Ntpe mctoec mnwd TwM@ @
6y
3c
d31",.gradio\flagged\Download Text File\29117086883775dbb096\output.txt,2026-08-18 18:11:41.704943
